{
	"p0" : 
	[
		112.95854258985722,
		74.252387986213691,
		205.68458887247661,
		0.0
	],
	"r" : 60.317014345349669,
	"t1" : -118.69549173540535,
	"t2" : -58.971390238922929,
	"v" : 
	[
		-0.027023093653093268,
		0.35627567067600902,
		-0.93399004218127313
	]
}